t,d,v,a,l,sens_slope,mk_p,mk_S,tendencia,n_anios_val,NDVI_2017,NDVI_2018,NDVI_2019,NDVI_2020,NDVI_2021,NDVI_2022,NDVI_2023,NDVI_2024
0,colonia,1,0,2940,0.015721,0.00443,24,mejora,8,0.16013,0.11331,0.18301,0.19968,0.23041,0.23016,0.23856,0.26259
1,colonia,1,0,3549,0.046095,0.03545,18,mejora,8,0.18384,0.44879,0.32559,0.33113,0.37946,0.62045,0.65954,0.51224
2,colonia,1,0,908,0.001216,1.0,0,estable,8,0.15349,0.12995,0.1431,0.19125,0.18302,0.2148,0.15309,0.12916
3,colonia,1,0,3798,0.018771,0.01874,20,mejora,8,0.45775,0.51959,0.54196,0.54256,0.53474,0.62949,0.54292,0.62935
4,colonia,1,0,282,0.023928,0.00443,24,mejora,8,0.56721,0.70781,0.73898,0.79108,0.78355,0.79302,0.8325,0.82487
5,colonia,1,0,1023,0.035455,0.01874,20,mejora,8,0.246,0.36292,0.51088,0.50237,0.47426,0.55185,0.54924,0.56571
6,colonia,1,2,5903,0.003593,0.71052,4,estable,8,0.23065,0.17527,0.16041,0.15299,0.15968,0.19057,0.19208,0.22288
7,colonia,1,0,915,-0.000729,0.90154,-2,estable,8,0.10553,0.04268,0.0506,0.02708,0.05057,0.04336,0.05909,0.04339
8,colonia,1,0,218,-0.003677,0.10776,-14,estable,8,0.19395,0.13757,0.12081,0.13736,0.14552,0.13612,0.11831,0.12912
9,colonia,1,0,377,-0.001395,0.71052,-4,estable,8,0.13109,0.08281,0.06779,0.0753,0.06694,0.07548,0.07242,0.0841
10,colonia,1,0,542,0.003888,0.26551,10,estable,8,0.24309,0.18344,0.20169,0.19227,0.20863,0.20783,0.21396,0.22061
11,colonia,1,3,1537,0.000254,0.90154,2,estable,8,0.18182,0.12099,0.12114,0.113,0.11273,0.12844,0.12275,0.13099
12,colonia,1,2,1223,-0.003571,0.38648,-8,estable,8,0.23222,0.18275,0.15965,0.14368,0.15156,0.17574,0.15224,0.16955
13,colonia,2,2,716,-0.006047,0.10776,-14,estable,8,0.20124,0.17567,0.16747,0.1601,0.15314,0.16011,0.14424,0.16783
14,colonia,2,2,2726,-0.001799,0.26551,-10,estable,8,0.18362,0.13681,0.13679,0.12853,0.13656,0.12882,0.12879,0.16786
15,colonia,1,0,653,0.00011,1.0,0,estable,8,0.12929,0.10522,0.09765,0.10568,0.09764,0.1046,0.11326,0.1128
16,colonia,1,2,625,-0.001456,0.38648,-8,estable,8,0.12874,0.11379,0.09766,0.1052,0.10575,0.09755,0.10615,0.10548
17,colonia,1,0,535,-0.002508,0.38648,-8,estable,8,0.16584,0.13567,0.11355,0.1204,0.11249,0.11317,0.12303,0.12074
18,colonia,1,0,408,-0.003005,0.38648,-8,estable,8,0.16577,0.13525,0.11309,0.12173,0.12667,0.11543,0.11849,0.12218
19,colonia,1,0,348,-7.6e-05,1.0,0,estable,8,0.15445,0.1233,0.10527,0.10712,0.10784,0.10733,0.11495,0.12174
20,colonia,1,0,622,-0.003913,0.26551,-10,estable,8,0.1521,0.12127,0.10548,0.10518,0.09715,0.09785,0.11524,0.10611
21,colonia,1,1,920,-0.001842,0.71052,-4,estable,8,0.16177,0.14669,0.0976,0.10485,0.10349,0.10481,0.12272,0.12039
22,colonia,1,0,775,-0.006444,0.53619,-6,estable,8,0.17588,0.14445,0.1048,0.08223,0.1053,0.10515,0.11274,0.10516
23,colonia,1,1,792,0.006328,0.06349,16,estable,8,0.15209,0.15206,0.11303,0.12967,0.15257,0.17622,0.18514,0.1837
24,san jose,1,1,801,0.000968,0.90154,2,estable,8,0.10727,0.09227,0.08433,0.1,0.09615,0.09558,0.10333,0.09975
25,san jose,1,2,306,0.012649,0.71052,4,estable,8,0.10587,-0.03048,0.05183,-0.10609,-0.0802,0.04939,0.06717,0.08942
26,san jose,2,2,3271,6e-06,1.0,0,estable,8,0.19103,0.08957,0.08977,0.1054,0.08971,0.09764,0.09725,0.09754
27,san jose,2,2,120,0.000232,1.0,0,estable,8,0.12897,0.07524,0.08173,0.08107,0.07664,0.07523,0.09121,0.09196
28,san jose,1,2,157,0.0028,0.71052,4,estable,8,0.11496,-0.0593,0.01859,-0.13051,-0.05882,-0.04479,0.08803,0.02844
29,san jose,1,2,78,0.001994,0.26551,10,estable,8,0.08349,0.07187,0.06831,-0.06405,0.07633,0.07267,0.08437,0.08776
30,san jose,1,2,360,0.005512,0.38648,8,estable,8,0.10523,-0.0097,0.05939,0.00535,0.06696,0.07505,0.08262,0.07441
31,san jose,1,2,524,0.004641,0.10776,14,estable,8,0.06795,0.04436,0.00903,0.04911,0.06479,0.0569,0.07617,0.07654
32,san jose,2,2,854,0.000377,1.0,0,estable,8,0.15274,0.09758,0.12857,0.0581,0.09733,0.10578,0.11259,0.11343
33,san jose,1,2,976,-0.000766,1.0,0,estable,8,0.07485,0.02625,0.05144,-0.05192,-0.03295,0.01992,0.03353,0.05169
34,san jose,1,0,510,0.026559,0.01874,20,mejora,8,0.20588,0.17435,0.17002,0.19224,0.24891,0.27782,0.30341,0.37569
35,san jose,1,0,4027,-0.013565,0.26551,-10,estable,8,0.55866,0.52748,0.54243,0.51972,0.4333,0.4649,0.45674,0.558
36,san jose,1,0,1718,-0.016826,0.26551,-10,estable,8,0.57217,0.59159,0.60365,0.57315,0.40838,0.45518,0.42781,0.55239
37,san jose,1,0,958,-0.01321,0.26551,-10,estable,8,0.61896,0.54491,0.54509,0.56424,0.41981,0.47768,0.4863,0.54461
38,montevideo,1,0,2599,-0.026129,0.06349,-16,estable,8,0.57449,0.51178,0.52721,0.45718,0.35535,0.33982,0.387,0.45695
39,montevideo,2,0,246,-0.032677,0.10776,-14,estable,8,0.59142,0.50415,0.63666,0.54885,0.37181,0.34713,0.35572,0.45832
40,montevideo,1,0,496,0.000343,0.90154,2,estable,8,0.05084,0.0671,0.05724,0.0678,0.06611,0.05839,0.06404,0.05906
41,montevideo,1,3,160,0.008618,0.17355,12,estable,8,0.08461,0.00459,0.02518,0.03247,0.06399,0.06888,0.06808,0.07491
42,montevideo,1,0,159,0.001718,0.53619,6,estable,8,0.08237,0.06688,0.08175,-0.01228,0.08999,0.09723,0.07454,0.08263
43,montevideo,1,0,446,0.000134,0.90154,2,estable,8,0.08968,0.05988,0.08168,0.07434,0.07443,0.07418,0.08157,0.08259
44,montevideo,1,0,1114,-0.018509,0.10776,-14,estable,8,0.46774,0.53574,0.48893,0.47318,0.42581,0.36356,0.37065,0.46494
45,montevideo,1,0,1818,-0.003537,0.26551,-10,estable,8,0.11285,0.09741,0.08274,0.06428,0.0644,0.0586,0.09004,0.08995
46,montevideo,1,0,2920,-0.007971,0.00443,-24,degradacion,8,0.07438,0.06658,0.05098,0.06649,0.05076,0.03533,0.01153,0.01923
47,montevideo,1,2,505,0.00241,0.71052,4,estable,8,0.05898,0.0255,0.03328,-0.0005,0.04506,0.04135,0.0368,0.05273
48,montevideo,1,2,1398,0.001206,0.90154,2,estable,8,0.08251,0.02744,0.04406,0.00598,0.05272,0.04936,0.0488,0.05181
49,montevideo,1,0,164,-0.002054,0.10776,-14,estable,8,0.12038,0.08989,0.08054,0.08925,0.08664,0.07982,0.08179,0.08253
50,montevideo,1,2,1029,-0.001361,0.26551,-10,estable,8,0.11326,0.07479,0.07423,0.07457,0.07449,0.06614,0.06842,0.08203
51,montevideo,1,2,1582,-2.2e-05,1.0,0,estable,8,0.11309,0.06441,0.05842,0.06479,0.06442,0.05658,0.06465,0.07401
52,montevideo,1,2,633,-0.000191,1.0,0,estable,8,0.11101,0.06417,0.06615,0.06845,0.06851,0.06041,0.06442,0.08219
53,montevideo,1,1,248,0.004088,0.38648,8,estable,8,0.14584,0.09155,0.10748,0.10026,0.12399,0.10683,0.12832,0.13449
54,montevideo,1,2,5109,-0.001435,0.53619,-6,estable,8,0.12319,0.07236,0.05885,0.06846,0.06843,0.06052,0.06455,0.07241
55,canelones,1,0,431,-0.000758,0.71052,-4,estable,8,0.13534,0.07245,0.06832,0.07255,0.0684,0.0605,0.07205,0.08035
56,canelones,1,2,14847,-0.001152,0.17355,-12,estable,8,0.13695,0.06738,0.05892,0.07424,0.06647,0.05862,0.06669,0.06635
57,canelones,1,0,193,-0.003839,0.26551,-10,estable,8,0.1374,0.06558,0.07671,0.06861,0.05192,0.05976,0.05886,0.06961
58,canelones,1,1,1253,-0.003974,0.01874,-20,degradacion,8,0.14268,0.07431,0.06615,0.0722,0.0661,0.05661,0.05669,0.0594
59,canelones,1,0,1705,0.00164,0.90154,2,estable,8,0.13099,0.00898,0.04489,0.0647,0.06444,0.05657,0.06848,0.06071
60,canelones,1,0,1919,-0.003924,0.00937,-22,degradacion,8,0.14249,0.0822,0.07407,0.07623,0.06651,0.06634,0.07222,0.0589
61,canelones,1,1,1798,-8.7e-05,0.90154,-2,estable,8,0.13089,0.04316,0.05171,0.06668,0.05865,0.06049,0.06042,0.05834
62,canelones,1,2,1989,-3.2e-05,1.0,0,estable,8,0.12955,0.05866,0.05916,0.06671,0.06624,0.06618,0.06671,0.05927
63,canelones,1,2,1043,-0.014697,0.10776,-14,estable,8,0.1151,-0.01365,0.02133,-0.0371,0.05115,0.00512,-0.06087,-0.0457
64,canelones,1,2,1456,-0.001699,0.38648,-8,estable,8,0.13863,0.06851,0.05657,0.07241,0.06051,0.06482,0.06841,0.06069
65,canelones,1,2,2720,0.000729,0.71052,4,estable,8,0.13084,0.04495,0.04504,0.06059,0.0527,0.05644,0.06054,0.05669
66,canelones,1,2,3152,-0.005282,0.71052,-4,estable,8,0.1059,0.04372,-0.0818,-0.0667,0.02788,0.01166,0.03586,0.01202
67,canelones,1,0,1989,4e-06,1.0,0,estable,8,0.12893,0.05797,0.05896,0.05058,0.05859,0.05165,0.0589,0.05908
68,canelones,1,2,1102,-0.000208,0.71052,-4,estable,8,0.1215,0.05885,0.05219,0.06761,0.05893,0.05949,0.05958,0.05877
69,canelones,1,0,219,-0.000131,0.17355,-12,estable,8,0.1268,0.06077,0.06042,0.07574,0.06028,0.06039,0.06437,0.06035
70,canelones,1,2,761,-0.000161,0.17355,-12,estable,8,0.12913,0.05899,0.05846,0.06686,0.05879,0.05861,0.06073,0.05837
71,canelones,1,2,2335,4.8e-05,1.0,0,estable,8,0.11421,0.05118,-0.05131,0.03678,0.05191,0.051,0.05117,0.05177
72,canelones,1,2,264,-0.002054,0.71052,-4,estable,8,0.11578,-0.05078,0.0488,0.04508,0.04549,0.04164,0.03637,0.05293
73,canelones,1,0,450,-0.001617,0.71052,-4,estable,8,0.12691,0.05891,0.05069,0.06824,0.05668,0.06884,0.06077,0.05809
74,canelones,1,0,495,-0.003439,0.38648,-8,estable,8,0.12681,0.05631,0.02465,0.03653,0.04951,0.04558,0.05288,0.02473
75,canelones,1,0,242,-0.001042,0.10776,-14,estable,8,0.12739,0.05731,0.04338,0.05666,0.05682,0.05294,0.05264,0.0527
76,canelones,1,0,498,-6e-05,0.71052,-4,estable,8,0.11945,0.04928,0.02555,0.02776,0.04464,0.0492,0.0491,0.04879
77,canelones,1,2,1556,-0.001172,0.71052,-4,estable,8,0.11932,0.04885,0.03712,0.05671,0.05293,0.05068,0.04929,0.05289
78,canelones,1,2,400,-0.000261,0.90154,-2,estable,8,0.1222,0.04896,0.04526,0.05964,0.04799,0.04777,0.0518,0.05247
79,canelones,1,0,844,-0.002207,0.53619,-6,estable,8,0.11936,0.05944,0.02636,0.05099,0.05196,0.05904,0.0594,0.04332
80,canelones,1,0,548,0.000105,0.71052,4,estable,8,0.13108,0.05853,0.05906,0.06786,0.05929,0.05933,0.06665,0.05975
81,canelones,1,0,3127,9e-06,0.90154,2,estable,8,0.09743,0.05141,0.04294,0.04284,0.04295,0.0507,0.05115,0.05147
82,canelones,1,0,1575,-0.001643,0.17355,-12,estable,8,0.12914,0.05899,0.06723,0.06577,0.05926,0.06698,0.05864,0.05912
83,canelones,1,3,329,-0.001737,0.26551,-10,estable,8,0.1347,0.05712,0.06459,0.06473,0.05663,0.05273,0.05702,0.05841
84,canelones,1,3,2537,-0.000463,0.71052,-4,estable,8,0.11412,0.05154,0.04408,0.0597,0.04896,0.05127,0.05658,0.05149
85,maldonado,1,2,732,-0.046946,0.38648,-8,estable,8,0.10542,0.02712,-0.39494,-0.34999,-0.37687,-0.42795,-0.28744,-0.33024
86,maldonado,1,2,918,-0.000177,0.53619,-6,estable,8,0.11124,0.06053,0.05663,0.06451,0.05658,0.05632,0.06046,0.06459
87,maldonado,1,0,3105,-0.002357,0.26551,-10,estable,8,0.09724,0.07399,0.05844,0.07414,0.06603,0.05873,0.06621,0.06585
88,maldonado,2,0,56,-0.007084,0.06349,-16,estable,8,0.17551,0.15765,0.09,0.14651,0.14277,0.12123,0.13493,0.11322
89,maldonado,1,0,286,-0.000154,0.90154,-2,estable,8,0.1151,0.08814,0.07226,0.09605,0.09132,0.08751,0.09559,0.09162
90,maldonado,1,0,1603,0.001298,0.90154,2,estable,8,0.10537,0.0819,0.07428,0.09751,0.09734,0.09003,0.08929,0.11319
91,maldonado,1,0,1885,0.001007,0.71052,4,estable,8,0.11303,0.08188,0.07415,0.08973,0.0901,0.08185,0.09008,0.10582
92,maldonado,1,0,271,0.002311,0.26551,10,estable,8,0.1701,0.18197,0.17276,0.16998,0.20893,0.17797,0.18135,0.19682
93,maldonado,1,0,914,-0.000341,0.90154,-2,estable,8,0.10538,0.06606,0.05911,0.07407,0.06428,0.0657,0.06834,0.06615
94,maldonado,1,0,351,-0.001178,0.90154,-2,estable,8,0.2611,0.23031,0.29408,0.2696,0.25533,0.25433,0.23192,0.27996
95,maldonado,1,0,490,-0.000917,0.71052,-4,estable,8,0.10544,0.06671,0.05953,0.07241,0.06442,0.06099,0.06857,0.06813
96,maldonado,1,0,42,0.000293,0.90154,2,estable,8,0.09284,0.05972,0.03725,0.06784,0.06143,0.06116,0.06852,0.06548
97,maldonado,2,0,1187,-0.000698,0.90154,-2,estable,8,0.11357,0.06658,0.06639,0.07643,0.06841,0.07401,0.07209,0.06848
98,maldonado,1,2,2085,2.3e-05,0.90154,2,estable,8,0.11344,0.06699,0.06617,0.0747,0.06703,0.06712,0.07394,0.07384
99,maldonado,1,1,1437,1.7e-05,0.90154,2,estable,8,0.12874,0.06721,0.06619,0.08175,0.07366,0.07357,0.07369,0.07372
100,maldonado,1,2,1425,-0.000185,0.17355,-12,estable,8,0.13079,0.07269,0.07242,0.08298,0.07263,0.07615,0.07242,0.07262
101,maldonado,1,0,1012,-4.9e-05,0.71052,-4,estable,8,0.12413,0.07638,0.07594,0.08503,0.07621,0.07621,0.08006,0.07996
102,maldonado,1,0,414,0.00053,0.53619,6,estable,8,0.13487,0.07248,0.07591,0.08419,0.07615,0.07623,0.07991,0.08387
103,maldonado,1,0,2670,0.000858,0.38648,8,estable,8,0.06805,0.06775,0.0689,0.08046,0.06883,0.0647,0.07284,0.07447
104,maldonado,1,0,1593,0.020376,0.26551,10,estable,8,-0.22312,-0.25361,-0.09225,-0.12214,-0.16613,-0.20155,-0.13124,0.02429
105,maldonado,1,0,1241,0.002192,0.03545,18,estable,8,0.03671,0.0647,0.06071,0.07724,0.06748,0.06862,0.06894,0.07327
106,maldonado,1,0,5148,-0.000143,0.10776,-14,estable,8,0.09023,0.07438,0.06702,0.08256,0.07408,0.07397,0.07376,0.07391
107,maldonado,1,2,2484,0.005342,0.03545,18,mejora,8,-0.02799,-0.01384,0.01666,-0.00876,0.02456,0.02883,-0.01055,0.03629
108,maldonado,1,2,8858,0.001086,0.26551,10,estable,8,0.059,0.04342,0.04371,0.05123,0.05928,0.05902,0.0591,0.05875
109,maldonado,1,2,743,-0.004215,0.03545,-18,degradacion,8,0.08298,0.06483,0.06483,0.07639,0.06478,-0.01453,-0.01452,0.06088
110,maldonado,1,2,6335,0.021068,0.10776,14,estable,8,0.01929,-0.13654,-0.10563,0.02735,-0.01931,0.0277,0.01189,0.05946
111,maldonado,1,2,744,-0.007964,0.00937,-22,degradacion,8,0.16847,0.11372,0.09762,0.08879,0.08144,0.07414,0.0663,0.08144
112,maldonado,1,1,439,-5.7e-05,0.26551,-10,estable,8,0.10727,0.08048,0.08014,0.08405,0.08029,0.08047,0.08022,0.08039
113,maldonado,1,2,1728,0.013997,0.36752,7,estable,7,,-0.07563,-0.08227,-0.11467,-0.11128,-0.10558,-0.00565,0.02764
114,maldonado,1,0,578,-0.001879,0.13313,-11,estable,7,,0.08964,0.08244,0.08811,0.084,0.07442,0.08255,0.07478
115,maldonado,1,0,2810,-0.000652,1.0,0,estable,8,-0.17391,-0.0497,0.06084,-0.05628,-0.13099,-0.08027,-0.16199,-0.02887
116,maldonado,1,0,437,-0.000354,0.17355,-12,estable,8,0.07321,0.07998,0.0724,0.0793,0.07262,0.07209,0.07325,0.07135
117,maldonado,1,0,1438,0.016099,0.03545,18,mejora,8,-0.16621,-0.05644,0.04862,0.05641,0.05342,0.06865,0.02841,0.07251
118,maldonado,1,1,4208,0.007556,0.06349,16,estable,8,-0.12299,0.02149,0.06081,0.06939,0.07526,0.06868,0.07266,0.06881
119,maldonado,1,0,2683,-2.8e-05,0.76389,-3,estable,7,0.06709,,0.0668,0.07459,0.06715,0.06668,0.06689,0.06706
120,maldonado,1,0,454,4.5e-05,0.76389,3,estable,7,0.0664,,0.05781,0.06761,0.06648,0.06679,0.06024,0.06671
121,maldonado,1,0,594,-0.000812,0.0355,-15,estable,7,0.06065,,0.05686,0.05981,0.05577,0.05677,0.05648,0.0528
122,maldonado,1,0,1398,-0.006814,1.0,-1,estable,7,-0.10333,,0.00196,-0.00485,-0.08479,-0.05602,-0.09998,-0.04941
123,maldonado,1,0,370,-0.001713,0.01626,-17,estable,7,0.07657,,0.06541,0.07543,0.07114,0.06489,0.06479,0.06457
124,rocha,1,2,2817,-0.003006,0.01626,-17,degradacion,7,0.0917,,0.0841,0.08808,0.08303,0.08003,0.07244,0.07261
125,rocha,1,2,784,-0.003881,0.0355,-15,degradacion,7,0.08406,,0.07732,0.08045,0.07302,0.06434,0.05306,0.06492
126,rocha,1,0,664,-0.001679,0.07151,-13,estable,7,0.08805,,0.07668,0.08706,0.08105,0.08,0.07221,0.07629
127,rocha,1,0,706,-0.00277,0.07151,-13,estable,7,0.09583,,0.07991,0.08899,0.08303,0.08032,0.07634,0.07644
128,rocha,1,0,1333,-0.001656,0.54801,-5,estable,7,0.08795,,0.07612,0.0851,0.0811,0.07619,0.07631,0.07636
129,rocha,1,0,1186,-0.001678,0.36752,-7,estable,7,0.09171,,0.07263,0.08822,0.0841,0.07663,0.07633,0.07996
130,rocha,1,0,1671,0.00764,0.22956,9,estable,7,-0.13034,,-0.09547,-0.09547,-0.06951,-0.08783,-0.10019,-0.05727
131,rocha,1,0,7865,-0.00014,1.0,-1,estable,7,-0.17408,,-0.17386,-0.18548,-0.17003,-0.19351,-0.1895,-0.17045
132,rocha,1,0,4504,0.001085,0.76389,3,estable,7,-0.00632,,-0.06672,-0.06031,-0.09226,-0.0879,-0.05706,-0.00211
133,rocha,1,0,4482,-0.002017,1.0,-1,estable,7,-0.26349,,-0.21285,-0.21272,-0.19724,-0.31496,-0.27559,-0.23646
134,rocha,1,0,2075,0.023901,0.01626,17,mejora,7,-0.22883,,-0.14213,-0.1376,-0.09433,-0.11879,-0.10676,0.01712
135,rocha,1,0,5579,0.01091,0.00686,19,mejora,7,-0.13471,,0.01732,0.03784,0.04204,0.05297,0.06096,0.06081
136,rocha,1,0,650,0.00289,0.13313,11,estable,7,0.03763,,0.00606,0.05575,0.05764,0.05685,0.06342,0.05681
137,rocha,1,2,1052,0.001282,0.22956,9,estable,7,0.04922,,0.04515,0.06086,0.05281,0.05278,0.06447,0.05666
138,rocha,1,2,865,0.00126,0.07151,13,estable,7,0.06631,,0.06621,0.06647,0.0663,0.07394,0.07387,0.07398
139,rocha,1,2,521,0.000192,0.22956,9,estable,7,0.05056,,0.051,0.04356,0.05112,0.05152,0.05901,0.05075
140,rocha,1,2,754,-0.000943,0.54801,-5,estable,7,0.08243,,0.06685,0.0799,0.07634,0.07224,0.07678,0.07471
141,rocha,1,2,274,-0.003055,0.22956,-9,estable,7,0.09779,,0.08851,0.09122,0.08683,0.07934,0.07232,0.09532
142,rocha,1,2,447,-0.000528,0.54801,-5,estable,7,0.05623,,0.05827,0.06032,0.04928,0.05262,0.05306,0.0528
143,rocha,1,0,726,-6.7e-05,0.76389,-3,estable,7,0.05838,,0.05816,0.05885,0.04315,0.05072,0.05068,0.05858
144,rocha,1,2,695,-0.001316,0.22956,-9,estable,7,0.05798,,0.05044,0.05297,0.03303,0.05143,0.04517,0.04877
145,rocha,1,2,1066,-3.4e-05,0.54801,-5,estable,7,0.04901,,0.04917,0.05684,0.04133,0.04907,0.03769,0.04902
146,rocha,1,0,1792,-0.00098,0.36752,-7,estable,7,0.06679,,0.05934,0.0646,0.05672,0.05991,0.06091,0.0591
147,rocha,1,0,485,0.002429,0.36752,7,estable,7,0.06867,,-0.04086,0.02432,0.05952,0.06075,0.06438,0.0615
148,rocha,1,0,860,-0.001622,1.0,-1,estable,7,0.06672,,-0.01252,0.04547,0.05678,0.05059,0.02132,0.05192
149,rocha,1,0,1854,-0.002372,0.36752,-7,estable,7,0.05678,,0.04524,0.04975,-0.01296,0.04492,-0.02928,0.05302
150,rocha,1,0,1417,0.003322,0.36752,7,estable,7,0.0019,,0.00854,0.0185,0.03028,0.01299,-0.00195,0.03861
151,rocha,1,0,4754,0.001859,0.36752,7,estable,7,0.04473,,0.05684,0.06752,0.06089,0.06072,0.06461,0.06075
152,rocha,1,0,1595,-0.000638,0.76389,-3,estable,7,0.07616,,0.05657,0.07126,0.06477,0.06087,0.07234,0.0644
153,rocha,1,0,715,-0.000395,1.0,-1,estable,7,0.07246,,0.06046,0.07128,0.06751,0.06149,0.07317,0.06342
154,rocha,1,0,1023,-0.000316,0.54801,-5,estable,7,0.07615,,0.06457,0.0752,0.06935,0.0645,0.07527,0.06546
155,rocha,1,0,2648,-0.0004,1.0,-1,estable,7,0.07254,,0.05697,0.07134,0.06862,0.06085,0.07264,0.06455
156,rocha,1,0,2350,0.001321,0.22956,9,estable,7,0.05216,,0.05317,0.06744,0.06478,0.05713,0.06882,0.06066
157,rocha,1,0,1430,-0.000348,0.54801,-5,estable,7,0.06855,,0.05341,0.06751,0.06349,0.06057,0.06746,0.06062
158,rocha,1,0,1604,0.002959,0.22956,9,estable,7,0.00578,,0.05299,0.06367,0.04926,0.05717,0.06483,0.0569
159,rocha,1,0,1016,0.015666,0.07151,13,estable,7,-0.0467,,-0.08058,0.0003,-0.05192,0.04895,0.02418,0.057
160,rocha,1,0,2129,-0.003598,0.76389,-3,estable,7,-0.15429,,-0.20546,-0.1786,-0.20185,-0.19309,-0.18939,-0.19348
161,rocha,1,0,2106,0.013824,0.0355,15,mejora,7,0.01402,,-0.01177,-0.00604,0.01787,0.05208,0.04392,0.05934
162,rocha,1,0,1129,0.003662,0.54801,5,estable,7,0.06431,,0.03801,0.04089,0.03675,0.049,0.05648,0.05714
163,rocha,1,0,258,-0.000994,1.0,-1,estable,7,-0.00137,,0.06829,0.06448,0.06049,0.05331,0.0565,0.0605
164,rocha,1,0,287,-0.001017,0.76389,-3,estable,7,0.07619,,0.06403,0.06843,0.0609,0.06434,0.06449,0.06436
165,rocha,1,0,1796,-0.000109,0.22956,-9,estable,7,0.0668,,0.06644,0.07229,0.06473,0.06612,0.06638,0.06592
166,rocha,1,0,1160,-0.001958,0.13313,-11,estable,7,0.08413,,0.08021,0.08393,0.07211,0.07228,0.07185,0.0761
167,rocha,1,1,953,-0.000658,0.53619,-6,estable,8,0.04912,0.05287,0.04485,0.05307,0.04517,0.04153,0.04515,0.04895
168,rocha,1,1,2705,-0.009754,0.01626,-17,degradacion,7,,0.05097,0.04316,0.04887,0.02171,0.01715,-0.0646,-0.0042
169,rocha,1,0,1029,0.003809,0.54801,5,estable,7,,0.00887,-0.02541,0.03084,0.0304,0.0241,-0.00738,0.03355
170,rocha,1,0,1951,-3.2e-05,0.76389,-3,estable,7,,0.04524,0.02966,0.05375,0.04405,0.03812,0.04399,0.04404
171,rocha,1,0,4699,-0.000268,0.76389,-3,estable,7,,0.04907,0.02945,0.04792,0.04593,0.04204,0.04899,0.04513
172,rocha,1,0,1937,0.000372,0.76389,3,estable,7,,0.05801,0.043,0.05827,0.05651,0.05265,0.06044,0.05762
173,rocha,1,2,2002,0.021242,0.01626,17,mejora,7,,-0.11319,-0.00388,-0.041,0.002,0.04129,0.04098,0.04397
174,rocha,1,2,908,0.001995,0.00686,19,estable,7,,0.05853,0.05112,0.05882,0.05896,0.0663,0.06644,0.0668
175,rocha,1,0,1259,-7.4e-05,1.0,-1,estable,7,,0.04385,0.04326,0.0504,0.05106,0.05092,0.04348,0.04331
176,rocha,1,0,1334,0.000426,0.36752,7,estable,7,,0.05839,0.05087,0.04263,0.05172,0.05092,0.05838,0.05843
177,rocha,1,0,3177,0.018119,0.0355,15,mejora,7,,-0.09577,-0.02546,0.00972,-0.04142,0.04106,0.02948,0.04502
178,rocha,1,0,585,0.008192,0.13313,11,estable,7,,-0.03811,0.01737,-0.02586,-0.07282,0.04195,0.03699,0.04478
179,rocha,1,1,1850,0.012743,0.07151,13,estable,7,,-0.06018,-0.00208,-0.00911,-0.04588,0.03615,0.03028,0.03805
181,rocha,3,0,1035,0.00446,0.76389,3,estable,7,,-0.00301,0.03669,0.02924,0.01037,0.05888,-0.00471,0.05085
182,rocha,1,0,396,0.003427,0.36752,7,estable,7,,0.03225,-0.04127,0.04565,-0.00557,0.04883,0.04939,0.02543
183,rocha,3,0,1096,0.016793,0.07151,13,estable,7,,-0.05986,-0.05075,0.02559,-0.01821,0.04126,0.0214,0.0409
184,rocha,1,0,13653,0.002196,0.36752,7,estable,7,,0.02793,0.02772,0.0439,0.04119,0.04508,0.04506,0.04111
185,rocha,3,0,1063,0.001542,0.54801,5,estable,7,,0.05133,0.07479,0.06564,0.05856,0.08178,0.05904,0.0662
186,rocha,1,0,3633,0.000129,0.22956,9,estable,7,,0.04335,0.03536,0.04316,0.03589,0.04363,0.04331,0.04368
187,rocha,3,0,833,0.009166,0.13313,11,estable,7,,-0.01799,0.0189,0.02807,0.00438,0.05319,0.05161,0.04332
188,rocha,1,0,1759,0.002574,0.22956,9,estable,7,,0.02793,0.02838,0.04364,0.02841,0.04373,0.04347,0.04337
189,rocha,3,0,485,0.012183,0.22956,9,estable,7,,-0.08646,-0.0184,-0.0222,-0.05983,0.00574,-0.02554,0.02895
190,rocha,1,0,926,0.001631,0.22956,9,estable,7,,0.04307,0.02872,0.05187,0.04388,0.04426,0.05123,0.05079
191,rocha,3,0,414,-0.001277,0.76389,-3,estable,7,,0.01108,0.01839,0.04476,-0.0512,0.01313,-0.00114,0.01201
192,rocha,1,0,3997,0.000612,0.54801,5,estable,7,,0.04357,0.0355,0.05092,0.04364,0.05082,0.05143,0.04332
193,rocha,3,0,778,0.000507,0.76389,3,estable,7,,0.05765,0.07453,0.02945,0.04231,0.07404,0.05858,0.06069
194,rocha,1,0,4309,0.006374,0.54801,5,estable,7,,0.0115,-0.00425,-0.06634,-0.04397,0.04357,0.04332,0.02762
195,rocha,1,0,348,-0.00032,1.0,-1,estable,7,,0.05091,0.05054,0.04308,0.04454,0.05266,0.04869,0.04894
196,rocha,3,0,2937,0.001304,0.22956,9,estable,7,,0.03543,0.03555,0.04116,0.04113,0.04098,0.04507,0.04101
197,rocha,1,0,1148,0.001244,0.36752,7,estable,7,,0.04125,0.0452,0.04518,0.05272,0.04499,0.05262,0.04871
198,rocha,3,0,1715,0.002418,0.0355,15,estable,7,,0.04267,0.03501,0.04317,0.04355,0.04302,0.05087,0.05284
199,rocha,1,0,7286,0.001913,0.0355,15,estable,7,,0.03726,0.03713,0.04117,0.0373,0.04491,0.04896,0.04497
200,rocha,3,0,2293,-8e-06,1.0,-1,estable,7,,0.05825,0.05001,0.0582,0.05656,0.05643,0.0582,0.05786
201,rocha,1,0,207,0.00068,1.0,1,estable,7,,0.04431,-0.13443,-0.10975,-0.00422,0.04019,-0.1077,-0.06863
202,rocha,1,0,328,-0.000488,0.54801,-5,estable,7,,0.0449,0.02925,0.04209,0.04406,0.03817,0.03253,0.04198
203,rocha,1,0,3037,0.013323,0.36752,7,estable,7,,-0.31435,-0.24372,-0.24311,-0.19734,-0.20113,-0.24773,-0.22064
204,rocha,1,0,5041,-0.016027,0.00937,-22,degradacion,8,0.05087,0.04116,0.03591,0.01746,-0.04856,-0.05294,-0.07577,-0.0292
205,rocha,1,0,1493,-0.016222,0.10776,-14,estable,8,0.03702,0.00946,-0.0094,0.00279,-0.19268,-0.03378,0.00946,-0.17655
206,rocha,3,0,1099,-0.003961,0.53619,-6,estable,8,0.04979,-0.03686,-0.04561,-0.08051,-0.04171,-0.04072,-0.08387,0.00565
207,rocha,1,0,999,0.009187,0.53619,6,estable,8,-0.1677,-0.27076,-0.33165,-0.21712,-0.1779,-0.15403,-0.18855,-0.18172
208,rocha,3,0,945,-0.017503,0.53619,-6,estable,8,-0.39268,-0.17806,-0.23262,-0.25592,-0.33009,-0.31453,-0.30265,-0.32592
209,rocha,1,0,5061,-0.00141,0.00198,-26,estable,8,0.06661,0.05911,0.05905,0.05687,0.05302,0.0568,0.05297,0.05283
210,rocha,3,0,2214,-0.002469,0.22956,-9,estable,7,0.14519,,0.12903,0.121,0.11356,0.12848,0.11359,0.12847
211,rocha,1,0,6430,0.000203,0.76389,3,estable,7,0.06634,,0.06675,0.07415,0.07413,0.07413,0.07401,0.07393
212,rocha,1,0,1010,-0.000152,1.0,-1,estable,7,0.0723,,0.06077,0.06942,0.06501,0.06081,0.07139,0.06548
213,rocha,3,0,624,0.000281,0.36752,7,estable,7,0.06616,,0.05066,0.05812,0.0584,0.05893,0.05932,0.05922
214,rocha,1,1,176,0.007684,0.54801,5,estable,7,0.06506,,-0.0684,0.0004,0.05511,0.04157,0.06046,0.05693
215,rocha,3,0,1042,-0.004541,0.36752,-7,estable,7,0.02774,,-0.00434,-0.00232,0.00958,0.02097,-0.0689,-0.00606
216,rocha,1,0,1124,-0.008066,0.13313,-11,estable,7,-0.0186,,-0.00329,0.00234,-0.01348,-0.02037,-0.0852,-0.04362
217,rocha,3,0,1813,-0.004408,0.76389,-3,estable,7,0.06639,,0.02696,0.01384,0.02147,0.0275,-0.02927,0.03554
218,rocha,1,0,1220,0.000128,0.54801,5,estable,7,0.06671,,0.05107,0.06709,0.06407,0.05919,0.06682,0.06699
219,rocha,3,0,1488,-0.002577,0.36752,-7,estable,7,0.10592,,0.08271,0.08779,0.08445,0.08264,0.02883,0.09005
220,rocha,3,0,774,0.000444,0.76389,3,estable,7,0.10545,,0.0819,0.09058,0.08971,0.08937,0.0906,0.09663
221,rocha,1,0,814,0.019534,0.01626,17,mejora,7,-0.08377,,-0.13469,0.02045,0.02861,0.04862,0.06088,0.05297
222,rocha,1,0,568,0.001057,1.0,1,estable,7,-0.23274,,-0.2681,-0.22957,-0.16349,-0.26368,-0.28349,-0.17755
223,rocha,2,0,1176,-0.009809,0.36752,-7,estable,7,-0.12734,,-0.13425,-0.17483,-0.17764,-0.2439,-0.19725,-0.08699
224,rocha,1,0,816,-0.002216,0.01626,-17,estable,7,0.08032,,0.07638,0.07619,0.07235,0.07245,0.06108,0.0648
225,rocha,1,0,1558,-0.001911,0.07151,-13,estable,7,0.07611,,0.06499,0.07644,0.07128,0.06869,0.06464,0.06461
226,maldonado,1,0,1278,0.019269,0.01626,17,mejora,7,-0.07878,,-0.08844,-0.0639,-0.06793,-0.04496,-0.00609,0.04194
227,maldonado,1,0,750,-0.002187,0.01626,-17,estable,7,0.06822,,0.06149,0.06751,0.05775,0.057,0.05274,0.05692
228,maldonado,3,0,2076,-0.000748,1.0,-1,estable,7,0.08196,,0.05126,0.05201,0.05933,0.05859,0.02656,0.06555
229,maldonado,2,0,2307,0.030617,0.06349,16,estable,8,-0.1936,-0.1194,-0.001,-0.01034,-0.01008,0.06075,-0.01401,0.06842
230,maldonado,1,0,1410,-0.000925,0.06349,-16,estable,8,0.07636,0.07993,0.07622,0.08105,0.07328,0.0723,0.07139,0.07232
231,maldonado,3,0,1676,-7e-06,1.0,0,estable,8,0.01897,0.08256,0.07451,0.07485,0.06688,0.07454,0.06752,0.07451
232,maldonado,3,0,311,-0.001687,0.22956,-9,estable,7,,0.09222,0.08041,0.09162,0.08827,0.07632,0.08039,0.0821
233,maldonado,3,0,239,-7.5e-05,0.54801,-5,estable,7,,0.08451,0.08372,0.09185,0.08423,0.08449,0.08045,0.08434
235,maldonado,3,0,2345,-0.00211,0.26551,-10,estable,8,0.11308,0.07411,0.06664,0.06682,0.06635,0.07398,0.05951,0.07411
236,maldonado,3,0,6516,-0.007605,0.10776,-14,estable,8,0.10128,0.07405,0.05107,0.059,0.06621,0.04331,0.0274,0.06614
237,maldonado,3,0,2131,-0.006831,0.17355,-12,estable,8,0.23057,0.22079,0.21755,0.20912,0.22487,0.18973,0.15398,0.22271
238,maldonado,3,0,551,-0.000806,0.53619,-6,estable,8,0.13882,0.10343,0.10326,0.09957,0.11136,0.09946,0.09975,0.13127
239,maldonado,3,0,3488,-0.004914,0.17355,-12,estable,8,0.18411,0.1917,0.17566,0.16816,0.17578,0.1604,0.1523,0.18353
240,maldonado,1,0,528,0.013957,0.06349,16,estable,8,-0.14427,-0.01018,0.05694,0.07236,0.05651,0.04063,0.06036,0.07266
241,maldonado,3,0,3121,0.013159,0.06349,16,estable,8,-0.05693,-0.0219,0.02932,0.01799,0.03354,0.00929,0.02915,0.05655
242,maldonado,3,0,1754,-0.007975,0.10776,-14,estable,8,0.20082,0.18408,0.17515,0.15277,0.18419,0.15282,0.13724,0.15979
243,maldonado,3,0,1550,-0.001255,0.90154,-2,estable,8,0.18342,0.16178,0.13714,0.13107,0.16616,0.15415,0.13472,0.18436
244,maldonado,3,0,4137,-9.3e-05,0.53619,-6,estable,8,0.08964,0.05838,0.05088,0.05884,0.05873,0.05875,0.05854,0.05845
246,maldonado,3,0,1003,-0.00948,0.26551,-10,estable,8,0.10547,0.08993,-0.00554,0.01055,0.08226,0.01948,-0.01979,0.04355
247,canelones,1,0,636,9.4e-05,0.71052,4,estable,8,0.12709,0.04887,0.05288,0.04838,0.04918,0.05288,0.05287,0.05331
248,canelones,1,0,881,-0.004813,0.90154,-2,estable,8,0.12254,0.03452,-0.00453,0.00355,0.01489,-0.05197,0.01911,0.04362
249,canelones,3,0,730,-0.003714,0.38648,-8,estable,8,0.11395,0.05791,0.03548,0.04988,0.05077,0.04426,0.03436,0.05862
250,canelones,1,0,1538,-0.000136,0.10776,-14,estable,8,0.12192,0.05165,0.05103,0.05929,0.05148,0.05096,0.05128,0.05124
251,canelones,3,0,88,-0.000459,1.0,0,estable,8,0.10879,0.04535,0.0372,0.05749,0.04783,0.04845,0.04581,0.04988
252,canelones,3,0,233,-0.000408,0.17355,-12,estable,8,0.12659,0.05835,0.05086,0.06451,0.05639,0.05661,0.05645,0.05637
253,canelones,3,0,236,-0.001728,0.38648,-8,estable,8,0.12688,0.05266,0.04576,0.06134,0.05698,0.05308,0.05644,0.05152
254,canelones,1,0,460,-0.002945,0.03545,-18,degradacion,8,0.12689,0.06072,0.06075,0.06837,0.05645,0.06064,0.0569,0.05275
255,canelones,3,0,393,-0.000266,0.26551,-10,estable,8,0.12325,0.05847,0.05173,0.05894,0.05807,0.05217,0.05829,0.05769
256,canelones,2,0,889,-0.00186,0.17355,-12,estable,8,0.11913,0.05839,0.04307,0.06069,0.05303,0.0508,0.05297,0.05114
257,canelones,2,0,1435,-0.003881,0.17355,-12,estable,8,0.12916,0.0588,0.06679,0.07446,0.05903,0.06664,0.06054,0.05665
258,canelones,3,0,1107,-0.003062,0.90154,-2,estable,8,0.06538,-0.12114,-0.15443,-0.12064,-0.0742,-0.04305,-0.1039,-0.13554
259,canelones,2,0,862,-0.000207,0.71052,-4,estable,8,0.14457,0.06616,0.06598,0.07371,0.0749,0.07388,0.07365,0.06705
260,canelones,1,0,1370,-0.001346,0.71052,-4,estable,8,0.13883,0.0724,0.067,0.07609,0.07422,0.07221,0.06826,0.08011
261,montevideo,3,0,336,0.002072,0.53619,6,estable,8,0.18856,0.16216,0.20042,0.16628,0.1969,0.18101,0.18653,0.19758
262,montevideo,3,0,312,-0.001488,0.90154,-2,estable,8,0.11989,0.06819,0.07174,0.05351,0.11208,0.06409,0.09466,0.09111
263,montevideo,3,0,960,0.00135,0.90154,2,estable,8,0.17709,0.145,0.15926,0.13659,0.17647,0.15172,0.16696,0.16798
264,montevideo,3,0,185,-0.000905,0.71052,-4,estable,8,0.11304,0.074,0.06645,0.06027,0.07559,0.06554,0.06663,0.07459
265,montevideo,1,0,922,-0.001688,0.53619,-6,estable,8,0.12129,0.07466,0.05907,0.06825,0.06034,0.06422,0.0645,0.06648
266,montevideo,1,0,154,-0.00119,0.26551,-10,estable,8,0.19032,0.15876,0.15433,0.12934,0.16521,0.1542,0.15298,0.15739
267,montevideo,3,0,309,-0.000357,1.0,0,estable,8,0.20642,0.13865,0.18472,0.14,0.19777,0.16726,0.16643,0.18527
268,montevideo,3,0,1032,0.006729,0.53619,6,estable,8,0.22298,0.12874,0.20731,0.14688,0.25459,0.22398,0.23904,0.19113
269,montevideo,3,0,2334,0.001915,0.71052,4,estable,8,0.03479,-0.01073,0.00277,-0.01988,0.06616,0.02734,0.04393,0.0031
270,montevideo,3,0,6919,0.000787,0.90154,2,estable,8,0.09692,0.05091,0.07417,0.00362,0.12886,0.0746,0.1055,0.06635
271,montevideo,3,0,10309,2.3e-05,0.90154,2,estable,8,0.02716,0.0117,-0.00413,0.0117,0.01967,0.01989,0.01973,0.01181
272,montevideo,1,0,1731,-0.002498,0.53619,-6,estable,8,0.06646,0.07438,0.03514,0.04514,0.04277,0.05112,0.05067,0.04361
273,montevideo,3,0,2113,-0.001722,0.26551,-10,estable,8,0.05105,0.03478,0.01229,0.03368,0.03731,0.02722,0.03333,0.02746
274,montevideo,3,0,2957,-0.00588,0.71052,-4,estable,8,0.31595,0.26141,0.27633,0.20745,0.2771,0.24558,0.23026,0.27723
275,montevideo,3,0,3333,0.005469,0.26551,10,estable,8,0.08929,0.05927,0.0815,0.06652,0.12198,0.13642,0.12063,0.08938
276,montevideo,3,0,1398,0.001903,0.53619,6,estable,8,0.08197,0.05913,0.07451,0.01978,0.08916,0.09819,0.08254,0.0817
277,montevideo,1,0,800,-0.000163,1.0,0,estable,8,0.37834,0.39138,0.43188,0.41783,0.37124,0.35708,0.37252,0.44881
278,montevideo,3,0,112,0.017419,0.38648,8,estable,8,0.16874,0.05604,0.10652,-0.01807,0.24445,0.24829,0.23449,0.22423
279,montevideo,1,0,244,0.013598,0.06349,16,estable,8,0.17515,0.12937,0.20261,0.16764,0.22972,0.22749,0.22097,0.2596
280,montevideo,3,0,2699,0.00925,0.26551,10,estable,8,0.13742,0.08195,0.12077,0.05884,0.16792,0.19095,0.18418,0.14418
281,montevideo,3,0,256,0.000342,1.0,0,estable,8,0.09907,0.04934,0.0501,0.01151,0.09667,0.09048,0.09651,0.08225
282,montevideo,3,0,715,0.00181,0.26551,10,estable,8,0.08212,0.07487,0.06676,0.05901,0.08402,0.07585,0.08289,0.09006
283,montevideo,1,0,233,0.006298,0.26551,10,estable,8,0.323,0.24022,0.34553,0.25586,0.28343,0.28686,0.28741,0.35643
284,montevideo,3,0,265,0.00385,0.38648,8,estable,8,0.13443,0.12091,0.13568,0.11925,0.13076,0.15404,0.13058,0.16594
285,montevideo,3,0,6542,0.010293,0.26551,10,estable,8,0.24679,0.19943,0.28509,0.22281,0.23018,0.24601,0.25382,0.26969
286,montevideo,1,0,233,0.001008,0.17355,12,estable,8,0.09028,0.08753,0.09946,0.07316,0.0917,0.09188,0.09586,0.0966
287,montevideo,3,0,349,0.000535,0.71052,4,estable,8,0.18229,0.183,0.20651,0.17106,0.20881,0.16771,0.18446,0.20126
288,montevideo,1,0,36,-0.010707,0.38648,-8,estable,8,0.30048,0.30625,0.30741,0.31032,0.26007,0.21386,0.2326,0.26304
289,montevideo,3,0,2645,0.011376,0.10776,14,estable,8,0.08186,0.08206,0.09886,0.08133,0.14449,0.1368,0.15243,0.12911
290,montevideo,1,0,66,0.001173,0.90154,2,estable,8,0.13641,0.12961,0.12769,0.12886,0.15033,0.12346,0.14556,0.14468
291,montevideo,1,0,336,0.004421,0.71052,4,estable,8,0.1983,0.11369,0.15214,0.10587,0.12888,0.13679,0.13732,0.17524
292,montevideo,3,0,2676,-0.003977,0.90154,-2,estable,8,0.41188,0.31756,0.39489,0.35538,0.32425,0.32456,0.332,0.37877
293,montevideo,1,0,233,0.003245,0.00443,24,mejora,8,0.09631,0.11523,0.11539,0.11125,0.12075,0.12078,0.12296,0.13091
294,montevideo,3,0,799,-0.00235,0.53619,-6,estable,8,0.35572,0.30944,0.35331,0.34739,0.31644,0.32492,0.33963,0.33845
295,montevideo,1,0,350,0.000144,0.71052,4,estable,8,0.08195,0.09724,0.1062,0.08998,0.08128,0.09032,0.09763,0.09059
296,montevideo,3,0,904,-0.010753,0.17355,-12,estable,8,0.52672,0.4565,0.50287,0.44927,0.38741,0.4182,0.41023,0.49629
297,montevideo,3,0,867,0.00463,0.17355,12,estable,8,0.10488,0.12906,0.12832,0.11339,0.1213,0.12129,0.13582,0.16008
298,montevideo,3,0,339,-0.005603,0.10776,-14,estable,8,0.38671,0.3472,0.37032,0.35386,0.33123,0.32506,0.33943,0.34701
299,montevideo,1,0,188,0.002661,0.17355,12,estable,8,0.09664,0.09759,0.09087,0.0896,0.0982,0.09719,0.11621,0.11435
300,montevideo,3,0,9054,-0.011266,0.17355,-12,estable,8,0.43397,0.40235,0.44142,0.39426,0.34032,0.34727,0.35504,0.39422
301,montevideo,1,0,1628,-0.028234,0.10776,-14,estable,8,0.62115,0.58241,0.60595,0.52698,0.39461,0.31607,0.44864,0.56606
302,san josé,1,0,445,-0.019008,0.10776,-14,estable,8,0.58774,0.63584,0.59603,0.5813,0.44237,0.46177,0.4557,0.53979
303,san josé,1,0,1754,0.00329,0.10776,14,estable,8,0.0898,0.07449,0.08173,0.08252,0.0897,0.09792,0.10536,0.08977
304,san josé,2,0,3697,-0.001493,0.38648,-8,estable,8,0.11325,0.09803,0.0899,0.05661,0.0824,0.08987,0.08976,0.09004
305,san josé,1,0,1514,-0.014443,0.10776,-14,estable,8,-0.02759,-0.0202,-0.07565,-0.20542,-0.10512,-0.08266,-0.13634,-0.10512
306,san josé,2,0,1849,0.003746,0.53619,6,estable,8,0.09008,0.0601,0.06711,-0.00498,0.0825,0.07494,0.08224,0.08993
307,san josé,1,0,3018,-3.7e-05,0.71052,-4,estable,8,0.13676,0.11328,0.11328,0.11329,0.12114,0.10527,0.12868,0.11313
308,san josé,2,0,7689,-0.00069,0.26551,-10,estable,8,0.11326,0.09765,0.09764,0.10554,0.09766,0.08956,0.10536,0.09755
309,san josé,1,0,844,0.002432,0.90154,2,estable,8,-0.47099,-0.29109,-0.32253,-0.27586,-0.31909,-0.39596,-0.38825,-0.30682
310,san josé,2,0,3011,8.6e-05,1.0,0,estable,8,0.08262,0.02794,0.05132,-0.0589,0.0517,0.06722,0.07497,0.02784
311,san josé,1,0,759,-0.000118,0.53619,-6,estable,8,0.08995,0.07471,0.06658,0.08251,0.07439,0.06742,0.07432,0.08198
312,san josé,2,0,402,-0.005815,0.26551,-10,estable,8,0.11391,0.02686,0.06843,-0.04397,0.01871,0.01034,0.07476,0.00339
313,san josé,2,0,1681,-0.02189,0.26551,-10,estable,8,0.11337,-0.11483,-0.07415,-0.20744,-0.15883,-0.09715,-0.09225,-0.23172
314,san josé,1,0,5587,-3.4e-05,1.0,0,estable,8,0.12122,0.08245,0.08236,0.09037,0.08195,0.08249,0.08972,0.09006
315,san josé,1,0,1500,0.003364,0.10776,14,estable,8,0.12101,0.10553,0.10568,0.1206,0.11285,0.12057,0.12124,0.13627
316,san josé,2,0,3041,-0.000346,0.71052,-4,estable,8,0.10562,0.08237,0.08181,0.08252,0.07422,0.07468,0.08215,0.08973
317,san josé,1,0,7360,-4.2e-05,1.0,0,estable,8,0.16801,0.1446,0.12826,0.13646,0.13647,0.13626,0.13665,0.15238
318,san josé,2,0,8814,-6.7e-05,0.71052,-4,estable,8,0.14443,0.09011,0.0899,0.0829,0.08976,0.0897,0.10537,0.10502
319,san josé,1,0,14150,0.000115,1.0,0,estable,8,0.12853,0.09763,0.07435,0.04299,0.08198,0.08222,0.10546,0.09758
320,san josé,2,0,5289,-0.007654,0.38648,-8,estable,8,0.13643,0.12899,0.07459,-0.05002,0.05081,0.05096,0.10528,0.06676
321,colonia,1,0,3268,-0.001755,0.90154,-2,estable,8,0.15203,0.12877,0.0972,0.10515,0.10477,0.10516,0.1131,0.10534
322,colonia,1,0,1715,-0.000201,0.90154,-2,estable,8,0.13647,0.11338,0.0976,0.09795,0.09809,0.09777,0.10492,0.1057
323,colonia,1,0,14241,0.009486,0.53619,6,estable,8,0.12902,0.00399,0.03526,-0.02739,0.05105,0.04262,0.08199,0.08183
324,colonia,2,0,986,0.007792,0.06349,16,estable,8,0.559,0.81642,0.85536,0.84845,0.86355,0.86347,0.82482,0.86485
325,colonia,2,0,587,0.000963,0.38648,8,estable,8,0.16769,0.1213,0.11295,0.11337,0.12192,0.12831,0.12901,0.12859
326,colonia,1,0,6715,0.005142,0.53619,6,estable,8,0.12132,-0.04313,-0.02009,-0.04333,0.00421,0.00373,0.01211,0.01158
327,colonia,3,0,3952,0.02734,0.01874,20,mejora,8,0.42579,0.52754,0.59813,0.58994,0.59848,0.66061,0.59,0.69141
328,colonia,1,0,1515,0.022146,0.00443,24,mejora,8,0.66111,0.7535,0.78437,0.79308,0.82358,0.84717,0.81615,0.85617
329,colonia,2,0,1518,-0.000263,0.71052,-4,estable,8,0.16759,0.10567,0.10524,0.10585,0.09772,0.09763,0.11318,0.11309
330,colonia,1,0,1684,-3.8e-05,1.0,0,estable,8,0.18294,0.12103,0.1125,0.11297,0.11305,0.11297,0.12903,0.11353
331,colonia,1,0,1232,0.013431,0.06349,16,estable,8,0.48944,0.55079,0.60557,0.53546,0.55881,0.59952,0.57384,0.62085
332,colonia,1,0,2076,-5.7e-05,1.0,0,estable,8,0.18343,0.14432,0.12879,0.13687,0.13667,0.13652,0.14452,0.15142
333,colonia,3,0,176,0.004845,0.26551,10,estable,8,0.30025,0.32347,0.35376,0.32996,0.2985,0.36034,0.30824,0.36998
334,colonia,3,0,61,0.003504,0.53619,6,estable,8,0.26736,0.28589,0.29974,0.27734,0.25486,0.30061,0.26243,0.31567
335,colonia,3,0,352,0.012657,0.53619,6,estable,8,0.51824,0.64527,0.64505,0.62185,0.60507,0.68522,0.58978,0.71501
336,colonia,1,0,4132,-0.000349,0.38648,-8,estable,8,0.18319,0.12828,0.11297,0.12076,0.12087,0.12104,0.12052,0.12086
337,colonia,3,0,1413,0.00181,0.90154,2,estable,8,0.35476,0.35611,0.37996,0.32489,0.33114,0.37072,0.34851,0.37065
338,colonia,1,0,3852,-0.000578,0.17355,-12,estable,8,0.1525,0.09755,0.09023,0.09003,0.08939,0.09758,0.09706,0.09002
339,colonia,3,0,2300,0.005846,0.26551,10,estable,8,0.38665,0.41741,0.48772,0.40407,0.40994,0.45617,0.4096,0.48819
340,colonia,1,0,2332,3.7e-05,1.0,0,estable,8,0.18373,0.11363,0.09762,0.0977,0.10543,0.10528,0.12129,0.11362
341,colonia,3,0,1365,0.00473,0.17355,12,estable,8,0.3554,0.35513,0.40158,0.34662,0.37147,0.40307,0.36257,0.41135
342,colonia,1,0,329,8.5e-05,1.0,0,estable,8,0.12124,0.07483,0.07428,0.06612,0.08234,0.07481,0.08148,0.08228
343,colonia,3,0,923,-0.004867,0.71052,-4,estable,8,0.35451,0.3716,0.43395,0.36331,0.32363,0.33125,0.32401,0.37248
344,colonia,1,0,71,-0.001997,0.38648,-8,estable,8,0.20251,0.15202,0.12129,0.13568,0.159,0.15178,0.15174,0.14585
345,colonia,3,0,315,0.008711,0.17355,12,estable,8,0.47408,0.53388,0.55093,0.49577,0.51157,0.51187,0.53364,0.55708
346,colonia,3,0,4001,0.002597,0.53619,6,estable,8,0.19155,0.1369,0.18429,0.13755,0.15257,0.15957,0.16016,0.19129
347,colonia,1,0,3466,0.016502,0.06349,16,estable,8,0.37891,0.41048,0.46514,0.41113,0.40191,0.47392,0.44942,0.55086
348,colonia,2,0,7492,0.000247,0.53619,6,estable,8,0.22234,0.19888,0.19899,0.17559,0.15271,0.19979,0.21486,0.22309
349,colonia,2,0,5798,0.003033,0.53619,6,estable,8,0.1839,0.1448,0.16711,0.15213,0.15292,0.19927,0.18319,0.18207
350,colonia,1,0,3169,0.002145,0.90154,2,estable,8,0.14395,0.11354,0.08142,0.09754,0.1058,0.12865,0.12862,0.12118
351,colonia,1,0,13770,0.007322,0.53619,6,estable,8,-0.18405,-0.23069,-0.26158,-0.19187,-0.29313,-0.1755,-0.23031,-0.13626
352,colonia,2,0,13080,0.044628,0.00198,26,mejora,8,0.37898,0.51166,0.55889,0.6051,0.61313,0.70752,0.69921,0.71439
353,colonia,1,0,5457,0.07546,0.00084,28,mejora,8,0.17543,0.24737,0.2923,0.37067,0.43299,0.62084,0.63691,0.69141
354,colonia,2,0,9842,-0.001843,0.53619,-6,estable,8,0.73801,0.86346,0.84781,0.85546,0.84746,0.85513,0.82442,0.8398
355,colonia,1,0,6224,0.001369,1.0,0,estable,8,0.60646,0.72996,0.76169,0.75442,0.6989,0.77725,0.63701,0.69183
356,colonia,1,0,3487,0.044811,0.06349,16,estable,8,0.30079,0.5649,0.57512,0.66746,0.65273,0.78573,0.74635,0.64503
357,colonia,1,0,1048,0.017097,0.00198,26,mejora,8,0.31626,0.37855,0.39563,0.39489,0.40258,0.42712,0.43609,0.48126
358,colonia,1,0,2832,0.049089,0.00443,24,mejora,8,0.30021,0.41715,0.57415,0.52014,0.58022,0.65994,0.64463,0.69131
359,colonia,3,0,1811,0.032259,0.01874,20,mejora,8,0.41006,0.56,0.61853,0.5889,0.59749,0.68372,0.73836,0.64517
